{
  "categories": [
    {
      "id": "1",
      "title": "Appetizers",
      "img": "https://skounis.s3.amazonaws.com/mobile-apps/restaurant-ionic/_demonstration/assets/cat-a-thumb.png",
      "description": "This is for the Appetizers"
    },
    {
      "id": "2",
      "title": "Salads",
      "img": "https://skounis.s3.amazonaws.com/mobile-apps/restaurant-ionic/_demonstration/assets/cat-e-thumb.png",
      "description": "This is for the SaladsF"
    },
    {
      "id": "3",
      "title": "Sides",
      "img": "https://skounis.s3.amazonaws.com/mobile-apps/restaurant-ionic/_demonstration/assets/cat-b-thumb.png",
      "description": "This is for the Sides"
    },
    {
      "id": "4",
      "title": "Deserts",
      "img": "https://skounis.s3.amazonaws.com/mobile-apps/restaurant-ionic/_demonstration/assets/cat-c-thumb.png",
      "description": "This is for the Deserts"
    },
    {
      "id": "5",
      "title": "Main Course",
      "description": "This is for the Main Course",
      "img": "https://skounis.s3.amazonaws.com/mobile-apps/restaurant-ionic/_demonstration/assets/cat-d-thumb.png"
    }
  ],
  "news": [
    {
      "id": "1",
      "img": "https://skounis.s3.amazonaws.com/mobile-apps/barebone-glossy/photo-1.jpg",
      "title": "WISI CONSEQUAT SIT ZZRIL.",
      "description": "Ut vulputate te dolor ipsum nonummy, dolore enim accumsan veniam duis, nibh veniam at nulla. Adipiscing, dolore dolor lobortis et qui, consequat ea tation iusto qui, tation velit minim. Delenit elit, feugait nibh illum diam vulputate, feugiat erat et velit veniam, tation ea. Consequat magna et, iriure delenit zzril vel ea, eum amet ut autem consequat, tincidunt.Aliquam adipiscing vero dolore, magna ut vel et veniam, iriure odio ullamcorper erat vulputate, facilisi dolore hendrerit in accumsan, accumsan illum iriure quis nibh, nisl vulputate nostrud enim. Commodo, lorem luptatum erat ut elit, blandit dolor eu adipiscing ipsum, dolor."
    },
    {
      "id": "2",
      "img": "https://skounis.s3.amazonaws.com/mobile-apps/barebone-glossy/photo-4.jpg",
      "title": "UT CONSECTETUER NISL VELIT.",
      "description": "Erat consequat blandit enim lobortis erat, eu vel sit elit diam, consequat nibh nibh adipiscing. Sed, te in odio ex esse, molestie zzril aliquam nisl laoreet, esse illum facilisi. Te lorem, consequat ad facilisis erat elit, et dolore nostrud sit aliquip, consequat nisl. Exerci feugiat in, odio iusto tation ullamcorper eum, vel lorem commodo nonummy volutpat, vero.  Vero vel feugiat commodo, euismod nonummy et suscipit sit, consequat ex illum consequat dignissim, esse feugiat tation eu laoreet, dolor te laoreet volutpat feugait, ut elit."
    },
    {
      "id": "3",
      "img": "https://skounis.s3.amazonaws.com/mobile-apps/barebone-glossy/photo-5.jpg",
      "title": "DIGNISSIM UT COMMODO WISI..",
      "description": "Te eu dolore ullamcorper nulla aliquip, vero dignissim facilisis lorem diam, te ullamcorper esse tation. Diam, te vulputate vulputate aliquip lorem, amet magna hendrerit qui in, dolor hendrerit consequat.  Vero ad, vero nulla facilisi minim eu, molestie ea sit dolor zzril, facilisis autem. Dolore iriure in, tation lorem in sed diam, velit enim ex ex facilisi, molestie. Nostrud praesent laoreet ut, tation elit commodo dolore odio, esse et diam accumsan dolor, ut nostrud dolore blandit vero, quis zzril dolor blandit quis, molestie vero esse amet. Et, euismod ut ut hendrerit ipsum, eum."
    },
    {
      "id": "4",
      "img": "https://skounis.s3.amazonaws.com/mobile-apps/barebone-glossy/photo-2.jpg",
      "title": "DOLORE MAGNA FACILISIS AMET.",
      "description": "Nostrud et vel nulla praesent luptatum, ea zzril dolore zzril autem, nostrud illum hendrerit te. In, tation iusto autem diam illum, nulla iriure in nostrud veniam, te nonummy odio. Vulputate dolor, qui vero ullamcorper facilisis ut, aliquam lorem luptatum laoreet illum, vulputate eum. Amet hendrerit feugait, amet in tincidunt nulla vulputate, ullamcorper ea volutpat illum dolore, erat. Amet nostrud te in, illum praesent feugait delenit eros, tincidunt tation qui vel luptatum, elit eu."
    },
    {
      "id": "5",
      "img": "https://skounis.s3.amazonaws.com/mobile-apps/barebone-glossy/photo-3.jpg",
      "title": "DOLOR NIBH AD QUIS VEL.",
      "description": "Ut vulputate te dolor ipsum nonummy, dolore enim accumsan veniam duis, nibh veniam at nulla. Adipiscing, dolore dolor lobortis et qui, consequat ea tation iusto qui, tation velit minim. Delenit elit, feugait nibh illum diam vulputate, feugiat erat et velit veniam, tation ea. Consequat magna et, iriure delenit zzril vel ea, eum amet ut autem consequat, tincidunt.Aliquam adipiscing vero dolore, magna ut vel et veniam, iriure odio ullamcorper erat vulputate, facilisi dolore hendrerit in accumsan, accumsan illum iriure quis nibh, nisl vulputate nostrud enim. Commodo, lorem luptatum erat ut elit, blandit dolor eu adipiscing ipsum, dolor."
    }
  ],
  "appetizers": [
    {
      "img": "https://skounis.s3.amazonaws.com/mobile-apps/restaurant-ionic/_demonstration/assets/cat-a-1-thumb.png",
      "title": "Cretan Ntakos",
      "price": "8,00 €"
    },
    {
      "img": "https://skounis.s3.amazonaws.com/mobile-apps/restaurant-ionic/_demonstration/assets/cat-a-4-thumb.png",
      "title": "Grilled Potatoes",
      "price": "10,00 €"
    },
    {
      "img": "https://skounis.s3.amazonaws.com/mobile-apps/restaurant-ionic/_demonstration/assets/cat-a-2-thumb.png",
      "title": "Golder Cauliflower",
      "price": "13,00 €"
    },
    {
      "img": "https://skounis.s3.amazonaws.com/mobile-apps/restaurant-ionic/_demonstration/assets/cat-a-3-thumb.png",
      "title": "Shrimp Rolls",
      "price": "6,00 €"
    },
    {
      "img": "https://skounis.s3.amazonaws.com/mobile-apps/restaurant-ionic/_demonstration/assets/cat-a-5-thumb.png",
      "title": "Cheesy Rosemary Rolls",
      "price": "6,00 €"
    },
    {
      "img": "https://skounis.s3.amazonaws.com/mobile-apps/restaurant-ionic/_demonstration/assets/cat-a-7-thumb.png",
      "title": "Dolmades",
      "price": "9,00 €"
    },
    {
      "img": "https://skounis.s3.amazonaws.com/mobile-apps/restaurant-ionic/_demonstration/assets/cat-a-8-thumb.png",
      "title": "Juicy Crepes",
      "price": "7,00 €"
    },
    {
      "img": "https://skounis.s3.amazonaws.com/mobile-apps/restaurant-ionic/_demonstration/assets/cat-a-6-thumb.png",
      "title": "Crispy Turkey Bites",
      "price": "8,00 €"
    }
  ],
  "salads": [
    {
      "id": "1",
      "img": "https://skounis.s3.amazonaws.com/mobile-apps/restaurant-ionic/_demonstration/assets/cat-e-1-thumb.png",
      "title": "Greek Traditional Salad",
      "price": "7,50 €"
    },
    {
      "id": "2",
      "img": "https://skounis.s3.amazonaws.com/mobile-apps/restaurant-ionic/_demonstration/assets/cat-e-2-thumb.png",
      "title": "Italian Caprese Salad",
      "price": "7,50 €"
    },
    {
      "id": "3",
      "img": "https://skounis.s3.amazonaws.com/mobile-apps/restaurant-ionic/_demonstration/assets/cat-e-3-thumb.png",
      "title": "Chicken Salad with Arugula",
      "price": "11,00 €"
    },
    {
      "id": "4",
      "img": "https://skounis.s3.amazonaws.com/mobile-apps/restaurant-ionic/_demonstration/assets/cat-e-5-thumb.png",
      "title": "Radish Salad With Herbs",
      "price": "11,00 €"
    },
    {
      "id": "5",
      "img": "https://skounis.s3.amazonaws.com/mobile-apps/restaurant-ionic/_demonstration/assets/cat-e-4-thumb.png",
      "title": "Quinoa Salad with Cucumber",
      "price": "10,00 €"
    },
    {
      "id": "6",
      "img": "https://skounis.s3.amazonaws.com/mobile-apps/restaurant-ionic/_demonstration/assets/cat-e-6-thumb.png",
      "title": "Tabbouleh Salad With Quinoa",
      "price": "9,50 €"
    }
  ],
  "sides": [
    {
      "id": "1",
      "img": "https://skounis.s3.amazonaws.com/mobile-apps/restaurant-ionic/_demonstration/assets/cat-b-1-thumb.png",
      "title": "Dressed Feta Cheese",
      "price": "7,00 €"
    },
    {
      "id": "2",
      "img": "https://skounis.s3.amazonaws.com/mobile-apps/restaurant-ionic/_demonstration/assets/cat-b-4-thumb.png",
      "title": "Feta Cheese Dip",
      "price": "6,00 €"
    },
    {
      "id": "3",
      "img": "https://skounis.s3.amazonaws.com/mobile-apps/restaurant-ionic/_demonstration/assets/cat-b-5-thumb.png",
      "title": "Vegetable MIx",
      "price": "14,00 €"
    },
    {
      "id": "4",
      "img": "https://skounis.s3.amazonaws.com/mobile-apps/restaurant-ionic/_demonstration/assets/cat-b-2-thumb.png",
      "title": "Chicken and Onion Mix",
      "price": "5,00 €"
    },
    {
      "id": "5",
      "img": "https://skounis.s3.amazonaws.com/mobile-apps/restaurant-ionic/_demonstration/assets/cat-b-3-thumb.png",
      "title": "Baked Mushrooms",
      "price": "10,00 €"
    }
  ],
  "deserts": [
    {
      "id": "1",
      "img": "https://skounis.s3.amazonaws.com/mobile-apps/restaurant-ionic/_demonstration/assets/cat-c-1-thumb.png",
      "title": "Sweet Plum Crepe",
      "price": "6,00 €"
    },
    {
      "id": "2",
      "img": "https://skounis.s3.amazonaws.com/mobile-apps/restaurant-ionic/_demonstration/assets/cat-c-5-thumb.png",
      "title": "Layered Fruits with Caramelized Biscuits",
      "price": "4,00 €"
    },
    {
      "id": "3",
      "img": "https://skounis.s3.amazonaws.com/mobile-apps/restaurant-ionic/_demonstration/assets/cat-c-6-thumb.png",
      "title": "Fruit Tarte",
      "price": "7,00 €"
    },
    {
      "id": "4",
      "img": "https://skounis.s3.amazonaws.com/mobile-apps/restaurant-ionic/_demonstration/assets/cat-c-4-thumb.png",
      "title": "Lemon Flavored Creme Brulee",
      "price": "6,00 €"
    }
  ],
  "main-course": [
    {
      "id": "1",
      "img": "https://skounis.s3.amazonaws.com/mobile-apps/restaurant-ionic/_demonstration/assets/cat-d-6-thumb.png",
      "title": "Souvlaki",
      "price": "7,00 €"
    },
    {
      "id": "2",
      "img": "https://skounis.s3.amazonaws.com/mobile-apps/restaurant-ionic/_demonstration/assets/cat-d-1-thumb.png",
      "title": "Filet Steak",
      "price": "10,00 €"
    },
    {
      "id": "3",
      "img": "https://skounis.s3.amazonaws.com/mobile-apps/restaurant-ionic/_demonstration/assets/cat-d-4-thumb.png",
      "title": "Crawfish",
      "price": "16,00 €"
    },
    {
      "id": "4",
      "img": "https://skounis.s3.amazonaws.com/mobile-apps/restaurant-ionic/_demonstration/assets/cat-d-5-thumb.png",
      "title": "Salmon Fillet",
      "price": "11,00 €"
    },
    {
      "id": "5",
      "img": "https://skounis.s3.amazonaws.com/mobile-apps/restaurant-ionic/_demonstration/assets/cat-d-2-thumb.png",
      "title": "King's Beef",
      "price": "55,00 €"
    },
    {
      "id": "6",
      "img": "https://skounis.s3.amazonaws.com/mobile-apps/restaurant-ionic/_demonstration/assets/cat-d-3-thumb.png",
      "title": "Chicken Sticks",
      "price": "13,00 €"
    }
  ],
  "word-press": [
    {
      "id": "1",
      "img": "https://demo.titaniumtemplates.com/wordpress/wp-content/uploads/2015/06/rs-5.jpg",
      "title": "ZIP CODE: Raleigh 27607",
      "description": "Tonight the Rolling Stones rocked the Carter-Finley Stadium in Raleigh, North Carolina! The band played a killer set under the full moon, wi...",
      "description1": "The band played a killer set under the full moon, with cosmic tunes including the very appropriate ‘Moonlight Mile’, ‘Shine A Light’ (which won the song vote)  and ‘Out Of Control’, along with much loved songs ‘Let’s Spend The Night Together’, ‘Midnight Rambler’ and ‘Miss You’,",
      "description2": "Along with ‘Moonlight Mile’, the band also paid tribute to Sticky Fingers by playing ‘Bitch’ and ‘Brown Sugar’. All three songs are featured on the brand new album Sticky Fingers Live, recorded at the ZIP CODE opening night at the Fonda Theatre, Los Angeles, released yesterday exclusively on iTunes.",
      "location": "[rollingstones]",
      "date": "2015-06-21 16:36:38"
    },
    {
      "id": "2",
      "img": "",
      "title": "Raleigh 27607: Live Updates",
      "description": "Tonight the Rolling Stones are taking their ZIP CODE tour to Raleigh, North Carolina! Check back here for live updates from what’s set to be...",
      "description1": "Check back here for live updates from what’s set to be an incredible show.",
      "description2": "Use the hashtag #StonesRaleigh in your tweets and instagram posts and we will add them to this feed.",
      "location": "[rollingstones]",
      "date": "2015-06-21 16:35:40"
    },
    {
      "id": "3",
      "img": "",
      "title": "The Rolling Stones Announce London Exhibition!",
      "description": "The Rolling Stones will stage their first ever major exhibition at London’s prestigious Saatchi Gallery from 6th April 2016. EXHIBITIONISM w...",
      "description1": "EXHIBITIONISM will be the most comprehensive and immersive insight into a group described by critics as ",
      "location": "[rollingstones]",
      "date": "2015-06-21 16:34:41"
    },
    {
      "id": "4",
      "img": "",
      "title": "Sticky Fingers Live Show Released As Album!",
      "description": "A special, one-off concert by the Rolling Stones last month, performing their classic album Sticky Fingers live at the Fonda Theatre in Los ...",
      "description1": "The Rolling Stones kicked off their US Zip Code tour this summer with a special performance of ",
      "location": "[rollingstones]",
      "date": "2015-06-21 16:34:41"
    },
    {
      "id": "5",
      "img": "",
      "title": "#StonesRaleigh Song Vote",
      "description": "The Rolling Stones take their ZIP CODE tour to North Carolina on Wednesday night, where they will play Raleigh’s Carter-Finley Stadium! The ...",
      "description1": "The band would like you to choose a song that will be included in their setlist.",
      "date": " 2015-06-21 16:31:51",
      "location": "[rollingstones]"
    },
    {
      "id": "6",
      "img": "https://demo.titaniumtemplates.com/wordpress/wp-content/uploads/2015/06/rs-6.jpg",
      "title": "ZIP CODE: Kansas City 64129",
      "description": "Tonight the Rolling Stones played a sensational show at Kansas City’s Arrowhead Stadium! The band were joined by special guest Ed Sheeran, w...",
      "description1": "The band were joined by special guest Ed Sheeran, who performed their 1978 ballad ‘Beast Of Burden’ with them:",
      "date": " 2015-06-21 16:31:51",
      "location": "[rollingstones]"
    },
    {
      "id": "7",
      "img": "https://demo.titaniumtemplates.com/wordpress/wp-content/uploads/2015/05/photo-5.jpg",
      "title": "Duis dapibus, neque vel eleifend luctus",
      "description": "Donec tincidunt ut eros a accumsan. Nulla ullamcorper eget libero eu elementum. Sed est arcu, euismod at volutpat quis, consectetur vitae or...",
      "description1": "Proin maximus tristique neque, sit amet blandit nisl varius quis. Cum sociis natoque penatibus et magnis dis parturient montes, nascetur ridiculus mus. Pellentesque non ante rutrum, consectetur purus vel, iaculis tortor. Aenean et risus at ante mattis molestie. In varius ex volutpat erat maximus convallis. Vestibulum ac mi non ex fermentum viverra non quis odio. Vivamus ut ligula id orci tristique tincidunt.",
      "date": " 2015-05-13 06:00:08",
      "location": "[Athens, London, News]"
    },
    {
      "id": "8",
      "img": "https://demo.titaniumtemplates.com/wordpress/wp-content/uploads/2015/05/photo-4.jpg",
      "title": "Nam ac nulla a elit tincidunt congue et non nulla",
      "description": "Suspendisse id maximus eros. Donec pharetra velit metus, maximus pharetra lacus bibendum vitae. Duis sit amet fringilla neque, et mattis eli...",
      "description1": "Sed blandit sodales purus, a feugiat velit ullamcorper vel. In faucibus augue vitae est laoreet pulvinar. Integer a pellentesque nibh. Etiam dignissim magna suscipit ipsum tempor luctus eget vitae neque. Cras at mollis diam. Pellentesque in nisl sagittis, convallis est eu, tempor ex. Aliquam hendrerit felis eget felis scelerisque eleifend.",
      "description2": "Duis viverra vitae libero vel convallis. Nunc consequat libero massa, sit amet aliquam orci volutpat vitae. Aenean tempor nulla sed imperdiet dapibus. Ut at massa at nisi aliquet aliquam. Suspendisse lacinia mauris ut elit malesuada sollicitudin. Etiam id mauris enim.",
      "date": "2015-05-13 05:59:12",
      "location": "[Casablanca, Milan, News, Paris]"
    },
    {
      "id": "9",
      "img": "https://demo.titaniumtemplates.com/wordpress/wp-content/uploads/2015/05/photo-3.jpg",
      "title": "Duis viverra vitae libero vel convallis",
      "description": "Nunc consequat libero massa, sit amet aliquam orci volutpat vitae. Aenean tempor nulla sed imperdiet dapibus. Ut at massa at nisi aliquet al...",
      "description1": "Proin maximus tristique neque, sit amet blandit nisl varius quis. Cum sociis natoque penatibus et magnis dis parturient montes, nascetur ridiculus mus. Pellentesque non ante rutrum, consectetur purus vel, iaculis tortor. Aenean et risus at ante mattis molestie. In varius ex volutpat erat maximus convallis. Vestibulum ac mi non ex fermentum viverra non quis odio. Vivamus ut ligula id orci tristique tincidunt.",
      "data": "2015-05-13 05:58:08",
      "location": "[Berlin, New York, News, Paris]"
    },
    {
      "id": "10",
      "img": "https://demo.titaniumtemplates.com/wordpress/wp-content/uploads/2015/05/photo-2.jpg",
      "title": "Curabitur urna elit",
      "description": "Cras feugiat odio ut ligula interdum placerat. Aenean viverra neque vel purus pulvinar varius. Curabitur urna elit, scelerisque eget orci in...",
      "description1": "Nam ac nulla a elit tincidunt congue et non nulla. Suspendisse id maximus eros. Donec pharetra velit metus, maximus pharetra lacus bibendum vitae. Duis sit amet fringilla neque, et mattis elit. Nunc mauris elit, tempor eu ullamcorper a, tempus semper magna. Phasellus in malesuada ligula. Curabitur dignissim leo scelerisque consectetur condimentum. Sed blandit sodales purus, a feugiat",
      "date": "2015-05-13 05:56:47",
      "location": "[Athens, News, Rome]"
    }
  ],
  "home": [
    {
      "id": "1",
      "img": "https://skounis.s3.amazonaws.com/mobile-apps/restaurant-ionic/_demonstration/assets/cat-d-4-1.png",
      "title": " Crawfish "
    },
    {
      "id": "2",
      "img": "https://skounis.s3.amazonaws.com/mobile-apps/restaurant-ionic/_demonstration/assets/cat-b-2-1.png",
      "title": "  Chicken and Onion Mix  "
    },
    {
      "id": "3",
      "img": "https://skounis.s3.amazonaws.com/mobile-apps/restaurant-ionic/_demonstration/assets/cat-a-3-1.png",
      "title": "  Shrimp Rolls  "
    }
  ],
  "drupal": [
    {
      "id": "1",
      "img": "https://demo.titaniumtemplates.com/drupal/sites/default/files/field/image/photo-1.jpg",
      "title": "Phasellus vel rhoncus dolor",
      "description": "Nam ac nulla a elit tincidunt congue et non nulla. Suspendisse id maximus eros.",
      "description1": "Nam ac nulla a elit tincidunt congue et non nulla. Suspendisse id maximus eros. Donec pharetra velit metus, maximus pharetra lacus bibendum vitae. Duis sit amet fringilla neque, et mattis elit. Nuncmauris elit, tempor eu ullamcorper a, tempus semper magna.",
      "description2": "Phasellus in malesuada ligula. Curabitur dignissim leo scelerisque consectetur condimentum. Sed blandit sodales purus,a feugiat velit ullamcorper vel. In faucibus augue vitae est laoreet pulvinar. Integer a pellentesque nibh. Etiam dignissim magna suscipit ipsum tempor luctus eget vitae neque. Cras at mollis diam. Pellentesque in nisl sagittis, convallis est eu, tempor ex. Aliquam hendrerit felis eget felis scelerisque eleifend.",
      "description3": "Duis viverra vitae libero vel convallis. Nunc consequat libero massa, sit amet aliquam orci volutpat vitae. Aenean tempor nulla sed imperdiet dapibus. Ut at massa at nisi aliquet aliquam. Suspendisse lacinia mauris ut elit malesuada sollicitudin."
    },
    {
      "id": "2",
      "img": "https://demo.titaniumtemplates.com/drupal/sites/default/files/field/image/photo-2.jpg",
      "title": "Curabitur urna elit",
      "description": "Cras feugiat odio ut ligula interdum placerat. Aenean viverra neque vel purus pulvinar varius.",
      "description1": "Cras feugiat odio ut ligula interdum placerat. Aenean viverra neque vel purus pulvinar varius. Curabitur urna elit, scelerisque eget orci in, sodales consectetur eros. Vestibulum at semper sem, fringilla pharetra metus. Nam ultricies sodales sem nec egestas. Morbi malesuada egestas risus, a scelerisque velit egestas id. Mauris bibendum sed purus vitae mattis. Vivamus interdum sem magna, a tempor dui elementum vel. Aliquam vitae placerat ante. Cras tincidunt lectus vitae nisi mattis dignissim. Donec vitae ultricies erat. Nunc tempor iaculis eros et eleifend. Aenean tincidunt orci vel malesuada placerat. Nam sit amet turpis vel metus porta dignissim. In vulputate lorem metus, iaculis aliquet leo vulputate ac.",
      "description2": "Nam ac nulla a elit tincidunt congue et non nulla. Suspendisse id maximus eros. Donec pharetra velit metus, maximus pharetra lacus bibendum vitae. Duis sit amet fringilla neque, et mattis elit. Nunc mauris elit, tempor eu ullamcorper a, tempus semper magna. Phasellus in malesuada ligula. Curabitur dignissim leo scelerisque consectetur condimentum. Sed blandit sodales purus, a feugiat"
    },
    {
      "id": "3",
      "img": "https://demo.titaniumtemplates.com/drupal/sites/default/files/field/image/photo-3.jpg",
      "title": "Duis viverra vitae libero vel convallis",
      "description": "Nunc consequat libero massa, sit amet aliquam orci volutpat vitae. Aenean tempor nulla sed imperdiet dapibus.",
      "description1": "Nunc consequat libero massa, sit amet aliquam orci volutpat vitae. Aenean tempor nulla sed imperdiet dapibus. Ut at massa at nisi aliquet aliquam. Suspendisse lacinia mauris ut elit malesuada sollicitudin. Etiam id mauris enim. Donec tincidunt ut eros a accumsan. Nulla ullamcorper eget libero eu elementum. Sed est arcu, euismod at volutpat quis, consectetur vitae orci. Etiam id malesuada diam, sed pretium mi. Duis dapibus, neque vel eleifend luctus, ligula ante hendrerit purus, vel venenatis nunc arcu et ante. Praesent tincidunt euismod nisi, in dapibus ex dignissim at. Integer at vehicula nibh. Nullam sollicitudin faucibus elit, ac dignissim eros euismod quis. Vestibulum nec nibh faucibus sem pharetra egestas in at lorem.",
      "description2": "Proin maximus tristique neque, sit amet blandit nisl varius quis. Cum sociis natoque penatibus et magnis dis parturient montes, nascetur ridiculus mus. Pellentesque non ante rutrum, consectetur purus vel, iaculis tortor. Aenean et risus at ante mattis molestie. In varius ex volutpat erat maximus convallis. Vestibulum ac mi non ex fermentum viverra non quis odio. Vivamus ut ligula id orci tristique tincidunt."
    },
    {
      "id": "4",
      "img": "https://demo.titaniumtemplates.com/drupal/sites/default/files/field/image/photo-4.jpg",
      "title": "Nam ac nulla a elit tincidunt congue et non nulla",
      "description": "Suspendisse id maximus eros. Donec pharetra velit metus, maximus pharetra lacus bibendum vitae.",
      "description1": "Suspendisse id maximus eros. Donec pharetra velit metus, maximus pharetra lacus bibendum vitae. Duis sit amet fringilla neque, et mattis elit. Nunc mauris elit, tempor eu ullamcorper a, tempus semper magna. Phasellus in malesuada ligula. Curabitur dignissim leo scelerisque consectetur condimentum.",
      "description2": "Sed blandit sodales purus, a feugiat velit ullamcorper vel. In faucibus augue vitae est laoreet pulvinar. Integer a pellentesque nibh. Etiam dignissim magna suscipit ipsum tempor luctus eget vitae neque. Cras at mollis diam. Pellentesque in nisl sagittis, convallis est eu, tempor ex. Aliquam hendrerit felis eget felis scelerisque eleifend.",
      "description3": "Duis viverra vitae libero vel convallis. Nunc consequat libero massa, sit amet aliquam orci volutpat vitae. Aenean tempor nulla sed imperdiet dapibus. Ut at massa at nisi aliquet aliquam. Suspendisse lacinia mauris ut elit malesuada sollicitudin. Etiam id mauris enim."
    },
    {
      "id": "5",
      "img": "https://demo.titaniumtemplates.com/drupal/sites/default/files/field/image/photo-5.jpg",
      "title": "Duis dapibus, neque vel eleifend luctus",
      "description": "Donec tincidunt ut eros a accumsan. Nulla ullamcorper eget libero eu elementum.",
      "description1": "Donec tincidunt ut eros a accumsan. Nulla ullamcorper eget libero eu elementum. Sed est arcu, euismod at volutpat quis, consectetur vitae orci. Etiam id malesuada diam, sed pretium mi. Duis dapibus, neque vel eleifend luctus, ligula ante hendrerit purus, vel venenatis nunc arcu et ante. Praesent tincidunt euismod nisi, in dapibus ex dignissim at. Integer at vehicula nibh. Nullam sollicitudin faucibus elit, ac dignissim eros euismod quis. Vestibulum nec nibh faucibus sem pharetra egestas in at lorem.",
      "description2": "Proin maximus tristique neque, sit amet blandit nisl varius quis. Cum sociis natoque penatibus et magnis dis parturient montes, nascetur ridiculus mus. Pellentesque non ante rutrum, consectetur purus vel, iaculis tortor. Aenean et risus at ante mattis molestie. In varius ex volutpat erat maximus convallis. Vestibulum ac mi non ex fermentum viverra non quis odio. Vivamus ut ligula id orci tristique tincidunt."
    }
  ],
  "events": [
    {
      "id": "1",
      "img": "https://scontent.famd1-2.fna.fbcdn.net/v/l/t31.0-0/p480x480/18238711_1819236035061852_7241301916849466617_o.jpg?_nc_cat=101&_nc_sid=b386c4&_nc_ohc=Z4WYTrVOzp4AX-1rFeB&_nc_ht=scontent.famd1-2.fna&_nc_tp=6&oh=f332d8f73b8fa447bffff76a1c036bc3&oe=5EB7996A",
      "title": "Eat, Drink, Bloody Mary",
      "description": "Join us for the 2nd annual Eat, Drink & Bloody Mary Contest. There will be Bloody Mary creations from B&B Winepub, Batch 22, Booker and Dax, The Brooklyn Star, Colicchio & Sons, Edesia, and L’Apicio.",
      "street": "47 E Houston St",
      "location": "New York, 10012, United States",
      "date": " 4/11/20, 4:35 PM - 4:35 PM ",
      "hotel": "Edesia Restaurant"
    },
    {
      "id": "2",
      "img": "https://scontent.famd1-1.fna.fbcdn.net/v/t31.0-8/s720x720/18278620_1819233771728745_1146805568072305092_o.jpg?_nc_cat=111&_nc_sid=b386c4&_nc_ohc=ZopQptFTbbEAX8JNaeO&_nc_ht=scontent.famd1-1.fna&_nc_tp=7&oh=1637560d47eb4be70fdefde613787291&oe=5EB839F7",
      "title": "Marco Caprai Winemaker Dinner",
      "description": "Enjoy five courses of Chef Gabe Thompson's Cuisine paired with five Arnaldo Caprai wines. Marco Caprai and Filippo Bartolotta will be in attendance to walk you through each wine and explain the philosophy behind the grapes.",
      "street": "47 E Houston St",
      "location": "New York, 10012, United States",
      "date": "  4/11/20, 4:41 PM - 4:41 PM  ",
      "hotel": "Edesia Restaurant"
    },
    {
      "id": "3",
      "img": "https://scontent.famd1-1.fna.fbcdn.net/v/t31.0-8/s720x720/17310957_1790458484606274_7550207947733788502_o.jpg?_nc_cat=110&_nc_sid=b386c4&_nc_ohc=rbkWf_0YwI4AX-yiZgw&_nc_ht=scontent.famd1-1.fna&_nc_tp=7&oh=343c43c12323fe4a7d72ca37ca9f001c&oe=5EB64629",
      "title": "Edesia Summer Opening",
      "description": "Edesia Restaurant invites you to join the opening party with new summer menu, a variety of over 55 different wines and a night near the pool! We are looking forward to seeing you and welcome summer together!",
      "street": "47 E Houston St",
      "location": "New York, 10012, United States",
      "date": "  4/11/20, 4:43 PM - 4:43 PM  ",
      "hotel": "Edesia Restaurant"
    },
    {
      "id": "4",
      "img": "https://scontent.famd1-1.fna.fbcdn.net/v/t31.0-8/s720x720/17211961_1790465837938872_2259445853617678238_o.jpg?_nc_cat=103&_nc_sid=b386c4&_nc_ohc=xlh24klPCogAX-4XC_G&_nc_ht=scontent.famd1-1.fna&_nc_tp=7&oh=1b906b260e011b19c80adbb83767d9ba&oe=5EB774EC",
      "title": "Cocktail Bar Opening",
      "description": "Our new Cocktail Bar greets you welcome and guides you through a wide selection of classic and modern cocktails and different kinds of Scotch whiskey.",
      "street": "47 E Houston St",
      "location": "New York, 10012, United States",
      "date": " 4/11/20, 4:35 PM - 4:35 PM ",
      "hotel": "Edesia Restaurant"
    }
  ]
}